Topic,Count,Name,Representation,Representative_Docs
0,707,0_luigi_need_we_you,"['luigi', 'need', 'we', 'you', 'him', 'to', 'thank', 'this', 'wheres', 'get']","['LUIGI WE NEED YOU!', 'LUIGI WE NEED YOU', 'we need you Luigi']"
1,559,1_unitedhealthcare_ceo_the_of,"['unitedhealthcare', 'ceo', 'the', 'of', 'to', 'and', 'insurance', 'are', 'for', 'that']","['the UnitedHealthcare CEO when he got to hell:', 'And this is the health system as well a lot of those people lose their insurance and can get the care that they need to go to work. Because of people like the man Brian Thompson that just got assassinated for being too greedy. I’m sure others will b', 'When I shot the CEO of UnitedHealthcare']"
2,452,2_mangione_luigi_free_pardon,"['mangione', 'luigi', 'free', 'pardon', 'me', 'my', 'need', 'to', 'him', 'this']","['FREE LUIGI MANGIONE , HE IS A HERO', 'Luigi Mangione, we need you!', 'you need a “Luigi Mangione”']"
3,447,3_brian_thompson_was_the,"['brian', 'thompson', 'was', 'the', 'of', 'to', 'people', 'he', 'killed', 'and']","['Brian Thompson killed more people than his killer.', 'Brian Thompson killed more people than his killer so….', 'I killed Brian Thompson']"
4,428,4_unitedhealthcare_the_to_of,"['unitedhealthcare', 'the', 'to', 'of', 'and', 'insurance', 'for', 'health', 'they', 'healthcare']","['Think of all the cancer patients who were denied care. \nThink of all the people who were suffering and didnt receive medical attention needed to save them, so the company saves M O N E Y. #UnitedHealthcare\nI have a personal experience with this. \nI hope he gets away, NOT SORRY.', '. with  and  : Did #BrianThompson of #UnitedHealthcare have It Coming?', 'In 2023, UnitedHealthcare reported $22 billion in profits. They also lead the field in claim denials. And they’re not alone.\n\nHealth insurance companies are in the business of denying our healthcare. They profit off the suffering of you and your loved ones. Prove me wrong!']"
5,395,5_mangione_is_the_luigi,"['mangione', 'is', 'the', 'luigi', 'and', 'to', 'of', 'he', 'ceo', 'for']","['He murdered a CEO is what he did! He was a brave Italian assassin. And in this house Luigi Mangione is a hero—\nend of story', 'He took on the corrupt healthcare system is what he did, and in this house Luigi Mangione is an Italian American hero, end of story!', 'he killed a ceo is what he did, he was a brave italian killer and in this house luigi mangione is a hero, end of story']"
6,383,6_luigi_killed_is_and,"['luigi', 'killed', 'is', 'and', 'the', 'he', 'to', 'was', 'of', 'that']","['Brian Thompson murdered tens of thousands of people and was trying to murder more. Whoever killed him (not proven to be Luigi) is a hero for getting justice for Brians victims in the only way possible since the government not only doesnt stop people like Brian, they are complicit', 'Men are melting down. Like it or not, Luigi had his code and he did what he felt was just. \n\nMost people know murder is wrong, but as an example, most people wouldn’t hesitate to kill a pedophile, they have accepted the terms and so did Luigi. That’s why he’s a hero to many.', ""When person killed was a man who let thousands die for profit, yeah I'm glad he's dead\n\nWas what Luigi did illegal, yes for sure it was and he should be punished for his actions\n\nWere his actions just, also yes\n\nThe law and just are not always on the same side""]"
7,382,7_brian_thompson_ceo_united,"['brian', 'thompson', 'ceo', 'united', 'of', 'the', 'to', 'healthcare', 'in', 'ai']","['Read ""Reporter has ‘no sympathy’ for UnitedHealthcare CEO Brian Thompson"" \n Because health insurance companies are SO greedy, I can\'t help but wonder how many people are dead BECAUSE OF Brian Thompson and ceo\'s like him..', 'While Brian Thompson was CEO of United Health Care, the company began using an AI to automate the denial of services. The AI was found to have a 90% error rate, but the company continued to use it, resulting in people being denied medically-necessary and fully-covered treatments.', 'Oh no!\n\nThe CEO of United Healthcare who used AI to deny health coverage to millions, Brian Thompson, was shot in the chest and died.\n\nAnyway']"
8,373,8_luigi_did_he_the,"['luigi', 'did', 'he', 'the', 'this', 'that', 'have', 'wrong', 'was', 'is']","['See now why Luigi did what he did??', 'That’s why Luigi did what he did, because it was morally right to do so', 'This is why Luigi did what he did']"
9,357,9_insurance_healthcare_luigi_the,"['insurance', 'healthcare', 'luigi', 'the', 'health', 'to', 'and', 'is', 'of', 'you']","['What’s crazy is Luigi will probably end up having better healthcare for the rest of his life than most Americans. That’s how bad our healthcare system is. Killing a healthcare CEO can actually improve your healthcare…', 'How many loved ones have died from health care denied to them health insurance companies?\n\nWhat Luigi did was the inevitable result of a system which denies people life saving care', 'This fund isn’t about Luigi. It’s about the fact that the real criminals are in the health insurance industry. If we are going to rip on this COO getting gunned down, we need to talk about the thousands of people that were rejected by health insurance companies.']"
10,344,10_brian_thompson_of_the,"['brian', 'thompson', 'of', 'the', 'was', 'and', 'he', 'for', 'to', 'his']","[""The people who fear this are the worst people on the planet. I am also glad that Brian Thompson will not get to enjoy all the money he received for destroying people's lives. Fuck Brian Thompson and all those who are like him."", '""Why are we asking random pundits [to] have empathy for [Brian Thompson] & their family, while there\'s no question being asked about who has empathy for the tens of thousands of Americans who are killed every year by the policies that Brian Thompson has made...tens of millions of…', 'Just a reminder that Brian Thompson would have (and did) watch thousands of people die if it meant his company made more money. The lives of others meant nothing to him, why should we feel bad for the loss of his?\n\nThere is no sympathy left for the deaths of evil people.']"
11,342,11_mangione_hero_luigi_is,"['mangione', 'hero', 'luigi', 'is', 'the', 'house', 'in', 'this', 'and', 'of']","['In this house, Luigi Mangione is a Hero.', 'And in this house, Luigi Mangione is a hero.', 'Mangione is a hero']"
12,333,12_luigi_hero_is_the,"['luigi', 'hero', 'is', 'the', 'you', 'to', 'and', 'this', 'of', 'people']","['we dont care\nLuigi is a hero', 'Luigi, the hero of the people.', '$Hero is $Luigi 2.0']"
13,332,13_ceo_luigi_the_ceos,"['ceo', 'luigi', 'the', 'ceos', 'that', 'and', 'to', 'is', 'of', 'you']","[""Are you concerned about what the American people should do, or what they are doing?\n\nBecause what if they decide that Luigi is just a good guy who couldn't live with what that rat faced fuck of a CEO allowed to happen to his mother?"", 'What’s y’all thoughts on the ceo being killed? I personally see Luigi as a hero bc the ceo has denied so many people and they died', 'The CEO killed this man\n\nThe CEO deserved to die in pain and suffering like the people he killed\n\nLuigi is a merciful martyr that put his life on the line for the sake of the American people, and killed his target humanely\n\nLuigi is a hero and you are a bootlicking dog.']"
14,320,14_mangione_healthcare_the_luigi,"['mangione', 'healthcare', 'the', 'luigi', 'health', 'of', 'insurance', 'is', 'had', 'it']","['Luigi Mangione is going on trial for the death of one healthcare CEO.\n\nBut what if we also put healthcare CEOs and insurance companies on trial for the death of millions of people for denying healthcare for so many years?', 'Luigi Mangione’s Manifesto:\n\n“…I do apologize for any strife or traumas but it had to be done. Frankly, these parasites simply had it coming. A reminder: the US has the #1 most expensive healthcare system in the world, yet we rank roughly #42 in life expectancy. United is the…', ""Canadian Jury:\n'Americans pay money for healthcare and then they are denied healthcare.'\n\nWhat did Luigi Mangione say that was wrong?\n\n“These parasites had it coming … I do apologize for any strife and trauma, but it had to be done.”\n- Luigi Mangione ()""]"
15,287,15_free_luigi_my_boy,"['free', 'luigi', 'my', 'boy', 'freeluigi', 'he', 'aint', 'him', 'man', 'wrong']","['free $luigi', 'free $luigi!', 'Free $LUIGI !!!! 🫡']"
16,285,16_the_luigi_of_ceo,"['the', 'luigi', 'of', 'ceo', 'and', 'is', 'to', 'that', 'people', 'for']","['Yes people would be mad at Luigi if he murdered someone that’s innocent! But the thing is that the greedy CEO that got killed, was responsible for countless deaths after HIS company denied health insurance claims, just so they could shove more money into their pockets.', 'well he is the ceo and decision maker for a healthcare company that literally denies people their healthcare that they pay for so yeah. \nLuigi may have killed that guy, but that guy was responsible for hundreds of thousands of deaths so fuck him. 🤷🏻\u200d♀️', 'The CEO that was killed is directly responsible for the suffering and deaths of many people through denied Healthcare. \n\nLuigi killed in cold blood, but the person who died is for the benefit of many. A death that was needed; but done in a horrible way.']"
17,275,17_brian_thompson_of_insurance,"['brian', 'thompson', 'of', 'insurance', 'the', 'healthcare', 'to', 'that', 'for', 'and']","['What about the human beings whose lives were ruined or ended because brian thompson’s company denied their health insurance claims so he can make millions? His life is worth more?', 'The biggest problem is for-profit health insurance and claim deniers like Brian Thompson who are killing thousands every year. You care about Thompson but not about those he killed.', 'How many people has Brian THOMPSON killed by denying them health coverage?']"
18,265,18_brian_thompson_fuck_he,"['brian', 'thompson', 'fuck', 'he', 'piss', 'was', 'hell', 'deserved', 'like', 'it']","['Fuck Brian Thompson', 'Fuck Brian Thompson.', 'fuck brian thompson']"
19,262,19_luigi_the_and_is,"['luigi', 'the', 'and', 'is', 'to', 'you', 'this', 'hero', 'people', 'of']","['Because they need to scare people. w this image they say, ""If you try to kill a rich person, we will introduce you to our rich law."" \nTherefore, US society and even the world needs to stay behind him and raise their voices for Luigi. He is the hero here..', 'One day the poor will have nothing left to eat but the rich… Luigi was not poor but many of those “morons” will be because of policies like the ones set by this man… and your boss, that time could be sooner than you think.', 'You have to be rich for the cops to care about you. Luigi is a hero']"
20,223,20_the_brian_of_to,"['the', 'brian', 'of', 'to', 'thompson', 'ceo', 'he', 'and', 'his', 'that']","['Or maybe he could have lived his life in such a way that when he was gunned down people were sad about it. He hurt millions of lives. Other CEO’s might want to stop as well. Everyone has a limit. Brian Thompson found that out yesterday morning', 'Do you believe that the CEO Brian Thompson killed people by denying them care. Is that not murder?', ""The CEO Brian Thompson had 'zero remorse' for taking the lives of hundreds of thousands of Americans who will not be with their 'loved ones' at Christmas because they were mass-murdered by Brian Thompson. So think about those countless thousands of families as well.""]"
21,210,21_unitedhealthcare_claims_to_ai,"['unitedhealthcare', 'claims', 'to', 'ai', 'deny', 'coverage', 'for', 'autism', 'of', 'in']","['Looks like an AI generated denial to me. Good time to point out that UnitedHealthcare is currently facing a class action lawsuit for using AI with a 90% error rate to deny patients coverage.', 'UnitedHealthcare has been accused of using an AI algorithm, specifically nH Predict, to deny claims for post-acute care under Medicare Advantage plans. \n\nThis AI reportedly has a 90% error rate, leading to wrongful denials of care that physicians had deemed necessary. \n\nThese…', 'UnitedHealthcare has been using an AI system with a 90% error rate to deny health care claims.']"
22,133,22_insider_trading_thompson_investigation,"['insider', 'trading', 'thompson', 'investigation', 'doj', 'stock', 'pelosi', 'brian', 'million', 'was']","['UnitedHealthcare CEO Brian Thompson was in the middle of a federal lawsuit for INSIDER TRADING He works with NANCY PELOSI.', 'Brian Thompson was involved in several issues during his tenure at UnitedHealthcare:\n\n1. **Insider Trading Allegations**: Brian Thompson and other UnitedHealth Group executives were under investigation by the Department of Justice (DOJ) for insider trading. They sold over $100…', '🚨 United Healthcare CEO Brian Thompson and others were caught with insider trading, sold $117 million of their stock during the federal probe without notifying investors. \n\nThompson was facing a DoJ investigation and lawsuit.']"
23,92,23_justice_jail_luigi_for,"['justice', 'jail', 'luigi', 'for', 'prison', 'in', 'free', 'out', 'will', 'luigis']","['Justice for Luigi', 'Justice for Luigi!', 'JUSTICE FOR LUIGI !']"
24,83,24_lorenz_taylor_she_joy,"['lorenz', 'taylor', 'she', 'joy', 'felt', 'says', 'ceo', 'murder', 'unitedhealthcare', 'piers']","['Read more: Taylor Lorenz says she ""felt joy"" after the murder of UnitedHealthcare CEO', ""Taylor Lorenz says she 'felt joy' after the murder of UnitedHealthcare CEO"", 'Taylor Lorenz says she ""felt joy"" after the murder of UnitedHealthcare CEO']"
