Topic,Count,Name,Representation,Representative_Docs
0,1781,0_unitedhealthcare_the_of_to,"['unitedhealthcare', 'the', 'of', 'to', 'ceo', 'and', 'in', 'for', 'brian', 'is']","['And people wonder why health insurance CEOs are getting got. United Healthcare CEO Brian Thompson fucked around and found out with his AI that denied 90% of claims.', 'Oh no!\n\nThe CEO of United Healthcare who used AI to deny health coverage to millions, Brian Thompson, was shot in the chest and died.\n\nAnyway', ""From what I've read about Brian Thompson, CEO of United Healthcare and the fact that the buck stopped with him in the area of claim denial, and that he is possibly responsible for the deaths of more than 10k people who trusted they'd get the care they desperately needed - the way…""]"
1,1747,1_luigi_the_free_to,"['luigi', 'the', 'free', 'to', 'you', 'is', 'we', 'this', 'and', 'him']","['FREE LUIGI. HE IS A HERO', 'Free $luigi', 'Free $LUIGI 🫡']"
2,1684,2_the_luigi_and_to,"['the', 'luigi', 'and', 'to', 'is', 'of', 'that', 'for', 'people', 'you']","['The biggest mistake in your statement is saying that the CEO of an insurance company in America is an “innocent man”. He’s killed far more people than Luigi has, he just didn’t have to pull a trigger to do it.', 'Bullshit. You killed people for fun. We all know it—and so do you. \nLuigi killed in order to highlight the hypocrisy and greed of the insurance industry. \nI’m not saying what Luigi did was right. But what you did was senseless and disgusting.\nYou’re nothing but a MAGA monster.', 'well he is the ceo and decision maker for a healthcare company that literally denies people their healthcare that they pay for so yeah. \nLuigi may have killed that guy, but that guy was responsible for hundreds of thousands of deaths so fuck him. 🤷🏻\u200d♀️']"
3,1569,3_brian_thompson_the_of,"['brian', 'thompson', 'the', 'of', 'to', 'was', 'and', 'he', 'for', 'that']","['Brian Thompson was a murderer.', 'They literally said that they did not think shooting him was right. You have to talk like this because you have nothing of real value to say. You know that Brian Thompson was a bad man. We all know, for certain, that he got a lot of people killed.', ""The people who fear this are the worst people on the planet. I am also glad that Brian Thompson will not get to enjoy all the money he received for destroying people's lives. Fuck Brian Thompson and all those who are like him.""]"
4,1488,4_mangione_luigi_the_is,"['mangione', 'luigi', 'the', 'is', 'to', 'of', 'and', 'for', 'in', 'he']","['Luigi mangione was right', 'you need a “Luigi Mangione”', 'And in this house, Luigi Mangione is a hero.']"
